cycle,id,in,exp,out
0,0,0xa3b1799d,0x00000000,0xa3b1799d
1,1,0x1c80317f,0xc031ab1c,0xc031ab1c
2,2,0x06671ad1,0xc698c5ed,0xc698c5ed
3,3,0xbdd640fb,0x846f06e8,0x846f06e8
4,4,0x46685257,0xcad7593f,0xcad7593f
5,5,0x3eb13b90,0x098894cf,0x098894cf
6,6,0x392456de,0x42acebad,0x42acebad
7,7,0x23b8c1e9,0x6665ad96,0x6665ad96
8,8,0xbc8960a9,0x22ef0e3f,0x22ef0e3f
9,9,0x1a3d1fa7,0x3d2c2de6,0x3d2c2de6
10,10,0xad3c2d6d,0xea685b53,0xea685b53
11,11,0xbd9c66b3,0xa804c206,0xa804c206
12,12,0xe465e150,0x8c6aa356,0x8c6aa356
13,13,0x8b9d2434,0x1807c78a,0x1807c78a
14,14,0x16419f82,0x2e49670c,0x2e49670c
15,15,0x972a8469,0xc573eb75,0xc573eb75
16,16,0x6c031199,0x3176fd0e,0x3176fd0e
17,17,0x0822e8f3,0x3999e601,0x3999e601
18,18,0x07a0ca6e,0x413ab06f,0x413ab06f
19,19,0x17fc695a,0x593719c9,0x593719c9
20,20,0x37f8a88b,0x912fc254,0x912fc254
21,21,0x3b8faa18,0xccbf6c6c,0xccbf6c6c
22,22,0x815ef6d1,0x4e1e633d,0x4e1e633d
23,23,0x9a1de644,0xe83c4981,0xe83c4981
24,24,0x06cb0fb3,0xef075934,0xef075934
25,25,0x8fadc1a6,0x7eb51ada,0x7eb51ada
26,26,0x32e70629,0xb19c2103,0xb19c2103
27,27,0xb74d0fb1,0x68e930b4,0x68e930b4
28,28,0xa65ed389,0x0f48043d,0x0f48043d
29,29,0xb38a088c,0xc2d20cc9,0xc2d20cc9
30,30,0x8b8148f6,0x4e5355bf,0x4e5355bf
31,31,0x6b65a6a4,0xb9b8fc63,0xb9b8fc63
32,32,0x386ecbe0,0xf227c843,0xf227c843
33,33,0x72ff5d2a,0x6527256d,0x6527256d
34,34,0x96da1dac,0xfc014319,0xfc014319
35,35,0x47378190,0x4338c4a9,0x4338c4a9
36,36,0xcf36d58b,0x126f9a34,0x126f9a34
37,37,0xde8a774b,0xf0fa117f,0xf0fa117f
38,38,0x01a9e71f,0xf2a3f89e,0xf2a3f89e
39,39,0xc241330b,0xb4e52ba9,0xb4e52ba9
40,40,0xce4a2bbd,0x832f5766,0x832f5766
41,41,0x28df6ec4,0xac0ec62a,0xac0ec62a
42,42,0xb2b9437a,0x5ec809a4,0x5ec809a4
43,43,0x6c307511,0xcaf87eb5,0xcaf87eb5
44,44,0x571aa876,0x2213272b,0x2213272b
45,45,0x47229389,0x6935bab4,0x6935bab4
46,46,0x27cd8130,0x91033be4,0x91033be4
47,47,0x371ecd7b,0xc822095f,0xc822095f
48,48,0xf50bea63,0xbd2df3c2,0xbd2df3c2
49,49,0xc37459ee,0x80a24db0,0x80a24db0
50,50,0x562b0f79,0xd6cd5d29,0xd6cd5d29
51,51,0x1a2a73ed,0xf0f7d116,0xf0f7d116
52,52,0x17be3111,0x08b60227,0x08b60227
53,53,0x6142ea7d,0x69f8eca4,0x69f8eca4
54,54,0x18c26797,0x82bb543b,0x82bb543b
55,55,0x5be6128e,0xdea166c9,0xdea166c9
56,56,0xd8f56413,0xb796cadc,0xb796cadc
57,57,0x580d7b71,0x0fa4464d,0x0fa4464d
58,58,0x9a8dca03,0xaa321050,0xaa321050
59,59,0x43b7a3a6,0xede9b3f6,0xede9b3f6
60,60,0xce9ff57f,0xbc89a975,0xbc89a975
61,61,0x0b1f9163,0xc7a93ad8,0xc7a93ad8
62,62,0xbacfb3d0,0x8278eea8,0x8278eea8
63,63,0x759cde66,0xf815cd0e,0xf815cd0e
64,64,0x89463e85,0x815c0b93,0x815c0b93
65,65,0x1ff49b78,0xa150a70b,0xa150a70b
66,66,0xf91e1d4c,0x9a6ec457,0x9a6ec457
67,67,0xec1b8ca1,0x868a50f8,0x868a50f8
68,68,0x60e7a113,0xe771f20b,0xe771f20b
69,69,0x142c3fe8,0xfb9e31f3,0xfb9e31f3
70,70,0x8d5288f1,0x88f0bae4,0x88f0bae4
71,71,0x4b0dbb41,0xd3fe7625,0xd3fe7625
72,72,0xd453dd32,0xa8525357,0xa8525357
73,73,0xa0ee89ae,0x4940dd05,0x4940dd05
74,74,0x9e574f7a,0xe7982c7f,0xe7982c7f
75,75,0xe2acf72f,0xca4523ae,0xca4523ae
76,76,0xdc98d2c1,0xa6ddf66f,0xa6ddf66f
77,77,0x5c941cf0,0x0372135f,0x0372135f
78,78,0x93cd59bf,0x973f6d1e,0x973f6d1e
79,79,0x3139d32c,0xc879404a,0xc879404a
80,80,0xb45ed1f0,0x7cd8123a,0x7cd8123a
81,81,0x11ce5dd2,0x8ea6700c,0x8ea6700c
82,82,0x0bbb2599,0x9a6195a5,0x9a6195a5
83,83,0xa9488d99,0x43aa233e,0x43aa233e
84,84,0x3a578a8e,0x7e01adcc,0x7e01adcc
85,85,0xc5e7ce8a,0x43e97c56,0x43e97c56
86,86,0x4a15544d,0x8dfed0a3,0x8dfed0a3
87,87,0xfc377a4c,0x8a364aef,0x8a364aef
88,88,0x146d3f31,0x9ea38a20,0x9ea38a20
89,89,0xdaf61a26,0x7999a446,0x7999a446
90,90,0x3b982ef8,0xb531d33e,0xb531d33e
91,91,0xddd1dfb2,0x9303b2f0,0x9303b2f0
92,92,0x19db3ad0,0xacdeedc0,0xacdeedc0
93,93,0x614ff3d7,0x0e2ee197,0x0e2ee197
94,94,0x47294739,0x555828d0,0x555828d0
95,95,0x7412b293,0xc96adb63,0xc96adb63
96,96,0xa2bc372f,0x6c271292,0x6c271292
97,97,0xd58842de,0x41af5570,0x41af5570
98,98,0x5d65a441,0x9f14f9b1,0x9f14f9b1
99,99,0x29a3b2e9,0xc8b8ac9a,0xc8b8ac9a
100,100,0x5ec42e08,0x277cdaa2,0x277cdaa2
101,101,0x5af30553,0x826fdff5,0x826fdff5
102,102,0x35a240ae,0xb81220a3,0xb81220a3
103,103,0xab9099a4,0x63a2ba47,0x63a2ba47
104,104,0x4458a885,0xa7fb62cc,0xa7fb62cc
105,105,0xb3aa7efe,0x5ba5e1ca,0x5ba5e1ca
106,106,0xefc89849,0x4b6e7a13,0x4b6e7a13
107,107,0xaefcfad8,0xfa6b74eb,0xfa6b74eb
108,108,0xa5e5a5ab,0xa0511a96,0xa0511a96
109,109,0x12476f57,0xb29889ed,0xb29889ed
110,110,0x9bf00273,0x4e888c60,0x4e888c60
111,111,0xa28defe3,0xf1167c43,0xf1167c43
112,112,0x2bcfbe01,0x1ce63a44,0x1ce63a44
113,113,0x88bd6407,0xa5a39e4b,0xa5a39e4b
114,114,0xbaa80dd4,0x604bac1f,0x604bac1f
115,115,0x3eabedcb,0x9ef799ea,0x9ef799ea
116,116,0x29d4beef,0xc8cc58d9,0xc8cc58d9
117,117,0x7656af72,0x3f23084b,0x3f23084b
118,118,0x6123fdf7,0xa0470642,0xa0470642
119,119,0x451b4cf3,0xe5625335,0xe5625335
120,120,0xfd5166e6,0xe2b3ba1b,0xe2b3ba1b
121,121,0xece66fa2,0xcf9a29bd,0xcf9a29bd
122,122,0xa3d70628,0x73712fe5,0x73712fe5
123,123,0xb02b61c4,0x239c91a9,0x239c91a9
124,124,0x8e944239,0xb230d3e2,0xb230d3e2
125,125,0x3838b326,0xea698708,0xea698708
126,126,0xaf42e12f,0x99ac6837,0x99ac6837
127,127,0x5304317f,0xecb099b6,0xecb099b6
128,128,0xd7c524a5,0xc475be5b,0xc475be5b
129,129,0xc4b032cc,0x8925f127,0x8925f127
130,130,0xc6a7ee39,0x4fcddf60,0x4fcddf60
131,131,0x0e51f30d,0x5e1fd26d,0x5e1fd26d
132,132,0x3aa2e4f9,0x98c2b766,0x98c2b766
133,133,0xd261a7ab,0x6b245f11,0x6b245f11
134,134,0x0837b8a3,0x735c17b4,0x735c17b4
135,135,0xce177b4e,0x41739302,0x41739302
136,136,0x50c187fc,0x92351afe,0x92351afe
137,137,0x66b2bc5b,0xf8e7d759,0xf8e7d759
138,138,0x448aaa9e,0x3d7281f7,0x3d7281f7
139,139,0x10f1bc81,0x4e643e78,0x4e643e78
140,140,0x3602f8ac,0x84673724,0x84673724
141,141,0xe9c349e0,0x6e2a8104,0x6e2a8104
142,142,0xf16287e4,0x5f8d08e8,0x5f8d08e8
143,143,0x9132b63e,0xf0bfbf26,0xf0bfbf26
144,144,0xe059a0ee,0xd1196014,0xd1196014
145,145,0xb7c93acf,0x88e29ae3,0x88e29ae3
146,146,0x508ebad7,0xd97155ba,0xd97155ba
147,147,0x366eb16f,0x0fe00729,0x0fe00729
148,148,0xa7cad415,0xb7aadb3e,0xb7aadb3e
149,149,0x7fcd9eb1,0x377879ef,0x377879ef
150,150,0x654821d0,0x9cc09bbf,0x9cc09bbf
151,151,0xe27a984d,0x7f3b340c,0x7f3b340c
152,152,0xea1fca65,0x695afe71,0x695afe71
153,153,0xa491f0b2,0x0decef23,0x0decef23
154,154,0x757750a9,0x83643fcc,0x83643fcc
155,155,0x24933b83,0xa7f77b4f,0xa7f77b4f
156,156,0x43cf2fde,0xebc6ab2d,0xebc6ab2d
157,157,0x23bed01d,0x0f857b4a,0x0f857b4a
158,158,0x3f22faf8,0x4ea87642,0x4ea87642
159,159,0xbeb79919,0x0d600f5b,0x0d600f5b
160,160,0x8fb5d27b,0x9d15e1d6,0x9d15e1d6
161,161,0x89fa6a68,0x27104c3e,0x27104c3e
162,162,0x434308bc,0x6a5354fa,0x6a5354fa
163,163,0xbf3c4c06,0x298fa100,0x298fa100
164,164,0x95a76d79,0xbf370e79,0xbf370e79
165,165,0x6dadd6c7,0x2ce4e540,0x2ce4e540
166,166,0xe5d7b875,0x12bc9db5,0x12bc9db5
167,167,0x956269f0,0xa81f07a5,0xa81f07a5
168,168,0x663f1c97,0x0e5e243c,0x0e5e243c
169,169,0x5cabcc97,0x6b09f0d3,0x6b09f0d3
170,170,0x382567b8,0xa32f588b,0xa32f588b
171,171,0xff50bde4,0xa280166f,0xa280166f
172,172,0xff5e9ff0,0xa1deb65f,0xa1deb65f
173,173,0x2369b584,0xc5486be3,0xc5486be3
174,174,0x827050a8,0x47b8bc8b,0x47b8bc8b
175,175,0x7e570ddf,0xc60fca6a,0xc60fca6a
176,176,0x1745d6d8,0xdd55a142,0xdd55a142
177,177,0xc17af08a,0x9ed091cc,0x9ed091cc
178,178,0x0c0fd195,0xaae06361,0xaae06361
179,179,0xdc713d96,0x8751a0f7,0x8751a0f7
180,180,0x1c11f735,0xa363982c,0xa363982c
181,181,0x27209bdf,0xca84340b,0xca84340b
182,182,0xa0a04dc4,0x6b2481cf,0x6b2481cf
183,183,0x28f49481,0x94191650,0x94191650
184,184,0xcac5b68c,0x5edeccdc,0x5edeccdc
185,185,0xae340454,0x0d12d130,0x0d12d130
186,186,0x6c12ace8,0x79257e18,0x79257e18
187,187,0x98ae4334,0x11d3c14c,0x11d3c14c
188,188,0x10435a10,0x22171b5c,0x22171b5c
189,189,0x62801c45,0x849737a1,0x849737a1
190,190,0x61b1cd22,0xe64904c3,0xe64904c3
191,191,0x988c24c9,0x7ed5298c,0x7ed5298c
192,192,0xff01cf99,0x7dd6f925,0x7dd6f925
193,193,0x77d21e02,0xf5a91727,0xf5a91727
194,194,0x877409a9,0x7d1d20d0,0x7d1d20d0
195,195,0x405cacec,0xbd79cdbc,0xbd79cdbc
196,196,0xf89897b9,0xb6126575,0xb6126575
197,197,0x8da0365b,0x43b29bd0,0x43b29bd0
198,198,0xdc5c0eed,0x200eaabd,0x200eaabd
199,199,0xf143262f,0x1151d0ec,0x1151d0ec
200,200,0x02f06b90,0x14423c7c,0x14423c7c
201,201,0xae270da7,0xc2694a23,0xc2694a23
202,202,0xb88139b9,0x7aea83dc,0x7aea83dc
203,203,0x1d53434b,0x983dc727,0x983dc727
204,204,0xae849217,0x46c2593e,0x46c2593e
205,205,0xe2817efd,0x2943d83b,0x2943d83b
206,206,0x8976e334,0xb2babb6f,0xb2babb6f
207,207,0xc0398710,0x72f4427f,0x72f4427f
208,208,0x444ea7c8,0xb742ea47,0xb742ea47
209,209,0xc4c2e2e3,0x7c05cd2a,0x7c05cd2a
210,210,0xa4161293,0x201bdfbd,0x201bdfbd
211,211,0x5715bd6f,0x77319d2c,0x77319d2c
212,212,0x1c8eaee9,0x93c04c15,0x93c04c15
213,213,0x4b22d308,0xdee31f1d,0xdee31f1d
214,214,0x6f4cc69a,0x4e2fe5b7,0x4e2fe5b7
215,215,0x287d06ca,0x76acec81,0x76acec81
216,216,0x74273ca3,0xead42924,0xead42924
217,217,0x00d4af59,0xeba8d87d,0xeba8d87d
218,218,0xf42d47cc,0xdfd62049,0xdfd62049
219,219,0xb8db0672,0x98b126bb,0x98b126bb
220,220,0xe037e5ed,0x78e90ca8,0x78e90ca8
221,221,0xb83cfe0b,0x31260ab3,0x31260ab3
222,222,0x436d76e2,0x74938195,0x74938195
223,223,0xf8cda88b,0x6d612a20,0x6d612a20
224,224,0x8026695f,0xed87937f,0xed87937f
225,225,0xc30ff46e,0xb09787ed,0xb09787ed
226,226,0x2dbc2134,0xde53a921,0xde53a921
227,227,0x81f76d1c,0x604b163d,0x604b163d
228,228,0xe9a1fa6f,0x49ed10ac,0x49ed10ac
229,229,0x1b3dbd5c,0x652ace08,0x652ace08
230,230,0xdeda4e16,0x44051c1e,0x44051c1e
231,231,0xa013ac6e,0xe418c88c,0xe418c88c
232,232,0x4c66e0a8,0x307fa934,0x307fa934
233,233,0xd777a477,0x07f74dab,0x07f74dab
234,234,0xa39231a7,0xab897f52,0xab897f52
235,235,0x81f631d4,0x2d7fb126,0x2d7fb126
236,236,0x9be578c7,0xc96529ed,0xc96529ed
237,237,0x32ebd689,0xfc510076,0xfc510076
238,238,0x2720797d,0x237179f3,0x237179f3
239,239,0x5fb8d16c,0x832a4b5f,0x832a4b5f
240,240,0xc333e861,0x465e33c0,0x465e33c0
241,241,0x295b4715,0x6fb97ad5,0x6fb97ad5
242,242,0x8a14be62,0xf9ce3937,0xf9ce3937
243,243,0xf4188f3f,0xede6c876,0xede6c876
244,244,0xc754108f,0xb53ad905,0xb53ad905
245,245,0xec24a3c5,0xa15f7cca,0xa15f7cca
246,246,0x87c5421e,0x2924bee8,0x2924bee8
247,247,0xeb2263dd,0x144722c5,0x144722c5
248,248,0x00257ad1,0x146c9d96,0x146c9d96
249,249,0x99546eb4,0xadc10c4a,0xadc10c4a
250,250,0x52fbe43b,0x00bcf085,0x00bcf085
251,251,0x7d154385,0x7dd2340a,0x7dd2340a
252,252,0x04fc6d82,0x82cea18c,0x82cea18c
253,253,0x1ca35cfb,0x9f71fe87,0x9f71fe87
254,254,0xedd96831,0x8d4b66b8,0x8d4b66b8
255,255,0x5cec4eb5,0xea37b56d,0xea37b56d
